isbn,book_title,book_author,year_of_publication,publisher
978-00000000,무공비급 제0권,저자_0,2004,출판사_0
978-00000001,무공비급 제1권,저자_1,2012,출판사_1
978-00000002,무공비급 제2권,저자_2,2012,출판사_2
978-00000003,무공비급 제3권,저자_3,1990,출판사_0
978-00000004,무공비급 제4권,저자_4,2008,출판사_1
978-00000005,무공비급 제5권,저자_0,2007,출판사_2
978-00000006,무공비급 제6권,저자_1,1998,출판사_0
978-00000007,무공비급 제7권,저자_2,1992,출판사_1
978-00000008,무공비급 제8권,저자_3,2015,출판사_2
978-00000009,무공비급 제9권,저자_4,2021,출판사_0
978-00000010,무공비급 제10권,저자_0,1993,출판사_1
978-00000011,무공비급 제11권,저자_1,2008,출판사_2
978-00000012,무공비급 제12권,저자_2,2017,출판사_0
978-00000013,무공비급 제13권,저자_3,2007,출판사_1
978-00000014,무공비급 제14권,저자_4,2022,출판사_2
978-00000015,무공비급 제15권,저자_0,2006,출판사_0
978-00000016,무공비급 제16권,저자_1,2010,출판사_1
978-00000017,무공비급 제17권,저자_2,2002,출판사_2
978-00000018,무공비급 제18권,저자_3,2022,출판사_0
978-00000019,무공비급 제19권,저자_4,2018,출판사_1
978-00000020,무공비급 제20권,저자_0,2007,출판사_2
978-00000021,무공비급 제21권,저자_1,2009,출판사_0
978-00000022,무공비급 제22권,저자_2,2009,출판사_1
978-00000023,무공비급 제23권,저자_3,2018,출판사_2
978-00000024,무공비급 제24권,저자_4,1997,출판사_0
978-00000025,무공비급 제25권,저자_0,1994,출판사_1
978-00000026,무공비급 제26권,저자_1,2006,출판사_2
978-00000027,무공비급 제27권,저자_2,2005,출판사_0
978-00000028,무공비급 제28권,저자_3,2005,출판사_1
978-00000029,무공비급 제29권,저자_4,2018,출판사_2
978-00000030,무공비급 제30권,저자_0,2010,출판사_0
978-00000031,무공비급 제31권,저자_1,1992,출판사_1
978-00000032,무공비급 제32권,저자_2,2008,출판사_2
978-00000033,무공비급 제33권,저자_3,2018,출판사_0
978-00000034,무공비급 제34권,저자_4,2005,출판사_1
978-00000035,무공비급 제35권,저자_0,2014,출판사_2
978-00000036,무공비급 제36권,저자_1,2022,출판사_0
978-00000037,무공비급 제37권,저자_2,2012,출판사_1
978-00000038,무공비급 제38권,저자_3,2002,출판사_2
978-00000039,무공비급 제39권,저자_4,1999,출판사_0
978-00000040,무공비급 제40권,저자_0,2011,출판사_1
978-00000041,무공비급 제41권,저자_1,2012,출판사_2
978-00000042,무공비급 제42권,저자_2,1996,출판사_0
978-00000043,무공비급 제43권,저자_3,2014,출판사_1
978-00000044,무공비급 제44권,저자_4,2002,출판사_2
978-00000045,무공비급 제45권,저자_0,1995,출판사_0
978-00000046,무공비급 제46권,저자_1,1992,출판사_1
978-00000047,무공비급 제47권,저자_2,1997,출판사_2
978-00000048,무공비급 제48권,저자_3,2017,출판사_0
978-00000049,무공비급 제49권,저자_4,2021,출판사_1
